{"cameraMode":{"drawMode":0,"name":"Shaded","section":"Shading Mode"},"sceneLighting":false,"audioPlay":false,"sceneViewState":{"showFog":true,"showMaterialUpdate":true,"showSkybox":true,"showFlares":true,"showImageEffects":true,"showParticleSystems":true,"showVisualEffectGraphs":true,"m_FxEnabled":true},"in2DMode":false,"pivot":{"x":-0.07202285528182984,"y":2.2360308170318605,"z":-9.962675094604493},"rotation":{"x":-0.0018097184365615249,"y":-0.0084022032096982,"z":0.000015020943465060554,"w":-0.9999656677246094},"size":12.12435531616211,"orthographic":false}